브랜드,이름,가격,링크,종류
오브제,오브제 내추럴 커버 파운데이션 기획세트(+클렌징폼 50ml),30100,"https://www.oliveyoung.co.kr/store/goods/getGoodsDetail.do?goodsNo=A000000198001&dispCatNo=1000001000700080011&trackingCd=Cat1000001000700080011_Small&t_page=%EC%B9%B4%ED%85%8C%EA%B3%A0%EB%A6%AC%EA%B4%80&t_click=%EC%BF%A0%EC%85%98/%ED%8C%8C%EC%9A%B4%EB%8D%B0%EC%9D%B4%EC%85%98_%EC%A0%84%EC%B2%B4_%EA%B7%B8%EB%9D%BC%ED%8E%9C,%EB%8B%A4%EC%8A%88,%EB%91%90%EC%9E%89%EC%99%93,%EB%B9%84%EB%A0%88%EB%94%94,%EC%98%A4%EB%B8%8C%EC%A0%9C_%EC%83%81%ED%92%88%EC%83%81%EC%84%B8&t_number=1",스틱파운데이션
비레디,비레디 블루 파운데이션 35ml,23100,"https://www.oliveyoung.co.kr/store/goods/getGoodsDetail.do?goodsNo=A000000178092&dispCatNo=1000001000700080011&trackingCd=Cat1000001000700080011_Small&t_page=%EC%B9%B4%ED%85%8C%EA%B3%A0%EB%A6%AC%EA%B4%80&t_click=%EC%BF%A0%EC%85%98/%ED%8C%8C%EC%9A%B4%EB%8D%B0%EC%9D%B4%EC%85%98_%EC%A0%84%EC%B2%B4_%EA%B7%B8%EB%9D%BC%ED%8E%9C,%EB%8B%A4%EC%8A%88,%EB%91%90%EC%9E%89%EC%99%93,%EB%B9%84%EB%A0%88%EB%94%94,%EC%98%A4%EB%B8%8C%EC%A0%9C_%EC%83%81%ED%92%88%EC%83%81%EC%84%B8&t_number=2",리퀴드파운데이션
오브제,[덱스 PICK]오브제 퍼펙트 옴므 쿠션 15g (SPF50+PA+++),34900,"https://www.oliveyoung.co.kr/store/goods/getGoodsDetail.do?goodsNo=A000000161006&dispCatNo=1000001000700080011&trackingCd=Cat1000001000700080011_Small&t_page=%EC%B9%B4%ED%85%8C%EA%B3%A0%EB%A6%AC%EA%B4%80&t_click=%EC%BF%A0%EC%85%98/%ED%8C%8C%EC%9A%B4%EB%8D%B0%EC%9D%B4%EC%85%98_%EC%A0%84%EC%B2%B4_%EA%B7%B8%EB%9D%BC%ED%8E%9C,%EB%8B%A4%EC%8A%88,%EB%91%90%EC%9E%89%EC%99%93,%EB%B9%84%EB%A0%88%EB%94%94,%EC%98%A4%EB%B8%8C%EC%A0%9C_%EC%83%81%ED%92%88%EC%83%81%EC%84%B8&t_number=3",쿠션
비레디,비레디 블루 쿠션 4세대 15g(SPF 34 PA++),32900,"https://www.oliveyoung.co.kr/store/goods/getGoodsDetail.do?goodsNo=A000000212063&dispCatNo=1000001000700080011&trackingCd=Cat1000001000700080011_Small&t_page=%EC%B9%B4%ED%85%8C%EA%B3%A0%EB%A6%AC%EA%B4%80&t_click=%EC%BF%A0%EC%85%98/%ED%8C%8C%EC%9A%B4%EB%8D%B0%EC%9D%B4%EC%85%98_%EC%A0%84%EC%B2%B4_%EA%B7%B8%EB%9D%BC%ED%8E%9C,%EB%8B%A4%EC%8A%88,%EB%91%90%EC%9E%89%EC%99%93,%EB%B9%84%EB%A0%88%EB%94%94,%EC%98%A4%EB%B8%8C%EC%A0%9C_%EC%83%81%ED%92%88%EC%83%81%EC%84%B8&t_number=4",쿠션
다슈,다슈 맨즈 멀티 커버 스틱 파운데이션 ( 단품/기획 ),24800,"https://www.oliveyoung.co.kr/store/goods/getGoodsDetail.do?goodsNo=A000000229158&dispCatNo=1000001000700080011&trackingCd=Cat1000001000700080011_Small&t_page=%EC%B9%B4%ED%85%8C%EA%B3%A0%EB%A6%AC%EA%B4%80&t_click=%EC%BF%A0%EC%85%98/%ED%8C%8C%EC%9A%B4%EB%8D%B0%EC%9D%B4%EC%85%98_%EC%A0%84%EC%B2%B4_%EA%B7%B8%EB%9D%BC%ED%8E%9C,%EB%8B%A4%EC%8A%88,%EB%91%90%EC%9E%89%EC%99%93,%EB%B9%84%EB%A0%88%EB%94%94,%EC%98%A4%EB%B8%8C%EC%A0%9C_%EC%83%81%ED%92%88%EC%83%81%EC%84%B8&t_number=5",스틱파운데이션
그라펜,[맨즈파데1등] 그라펜 팁 스케치 멀티 커버 파운데이션 20ml,22900,"https://www.oliveyoung.co.kr/store/goods/getGoodsDetail.do?goodsNo=A000000222827&dispCatNo=1000001000700080011&trackingCd=Cat1000001000700080011_Small&t_page=%EC%B9%B4%ED%85%8C%EA%B3%A0%EB%A6%AC%EA%B4%80&t_click=%EC%BF%A0%EC%85%98/%ED%8C%8C%EC%9A%B4%EB%8D%B0%EC%9D%B4%EC%85%98_%EC%A0%84%EC%B2%B4_%EA%B7%B8%EB%9D%BC%ED%8E%9C,%EB%8B%A4%EC%8A%88,%EB%91%90%EC%9E%89%EC%99%93,%EB%B9%84%EB%A0%88%EB%94%94,%EC%98%A4%EB%B8%8C%EC%A0%9C_%EC%83%81%ED%92%88%EC%83%81%EC%84%B8&t_number=6",파운데이션
그라펜,[착붙쿠션] 그라펜 핸섬 커버쿠션 2종 택1,33900,"https://www.oliveyoung.co.kr/store/goods/getGoodsDetail.do?goodsNo=A000000129149&dispCatNo=1000001000700080011&trackingCd=Cat1000001000700080011_Small&t_page=%EC%B9%B4%ED%85%8C%EA%B3%A0%EB%A6%AC%EA%B4%80&t_click=%EC%BF%A0%EC%85%98/%ED%8C%8C%EC%9A%B4%EB%8D%B0%EC%9D%B4%EC%85%98_%EC%A0%84%EC%B2%B4_%EA%B7%B8%EB%9D%BC%ED%8E%9C,%EB%8B%A4%EC%8A%88,%EB%91%90%EC%9E%89%EC%99%93,%EB%B9%84%EB%A0%88%EB%94%94,%EC%98%A4%EB%B8%8C%EC%A0%9C_%EC%83%81%ED%92%88%EC%83%81%EC%84%B8&t_number=7",쿠션
오브제,"[덱스 PICK] 오브제 내추럴 커버 파운데이션 13g (SPF50+, PA++++)",33100,"https://www.oliveyoung.co.kr/store/goods/getGoodsDetail.do?goodsNo=A000000161010&dispCatNo=1000001000700080011&trackingCd=Cat1000001000700080011_Small&t_page=%EC%B9%B4%ED%85%8C%EA%B3%A0%EB%A6%AC%EA%B4%80&t_click=%EC%BF%A0%EC%85%98/%ED%8C%8C%EC%9A%B4%EB%8D%B0%EC%9D%B4%EC%85%98_%EC%A0%84%EC%B2%B4_%EA%B7%B8%EB%9D%BC%ED%8E%9C,%EB%8B%A4%EC%8A%88,%EB%91%90%EC%9E%89%EC%99%93,%EB%B9%84%EB%A0%88%EB%94%94,%EC%98%A4%EB%B8%8C%EC%A0%9C_%EC%83%81%ED%92%88%EC%83%81%EC%84%B8&t_number=8",스틱파운데이션
비레디,비레디 블루 쿠션 4세대 리필 15g,24900,"https://www.oliveyoung.co.kr/store/goods/getGoodsDetail.do?goodsNo=A000000217042&dispCatNo=1000001000700080011&trackingCd=Cat1000001000700080011_Small&t_page=%EC%B9%B4%ED%85%8C%EA%B3%A0%EB%A6%AC%EA%B4%80&t_click=%EC%BF%A0%EC%85%98/%ED%8C%8C%EC%9A%B4%EB%8D%B0%EC%9D%B4%EC%85%98_%EC%A0%84%EC%B2%B4_%EA%B7%B8%EB%9D%BC%ED%8E%9C,%EB%8B%A4%EC%8A%88,%EB%91%90%EC%9E%89%EC%99%93,%EB%B9%84%EB%A0%88%EB%94%94,%EC%98%A4%EB%B8%8C%EC%A0%9C_%EC%83%81%ED%92%88%EC%83%81%EC%84%B8&t_number=9",쿠션
다슈,다슈 맨즈 아쿠아 매트 비비 쿠션 15g,17800,"https://www.oliveyoung.co.kr/store/goods/getGoodsDetail.do?goodsNo=A000000131803&dispCatNo=1000001000700080011&trackingCd=Cat1000001000700080011_Small&t_page=%EC%B9%B4%ED%85%8C%EA%B3%A0%EB%A6%AC%EA%B4%80&t_click=%EC%BF%A0%EC%85%98/%ED%8C%8C%EC%9A%B4%EB%8D%B0%EC%9D%B4%EC%85%98_%EC%A0%84%EC%B2%B4_%EA%B7%B8%EB%9D%BC%ED%8E%9C,%EB%8B%A4%EC%8A%88,%EB%91%90%EC%9E%89%EC%99%93,%EB%B9%84%EB%A0%88%EB%94%94,%EC%98%A4%EB%B8%8C%EC%A0%9C_%EC%83%81%ED%92%88%EC%83%81%EC%84%B8&t_number=10",쿠션
그라펜,[피부착붙컬러] 그라펜 매치업 파운데이션 40ml 단품/기획,24000,"https://www.oliveyoung.co.kr/store/goods/getGoodsDetail.do?goodsNo=A000000142173&dispCatNo=1000001000700080011&trackingCd=Cat1000001000700080011_Small&t_page=%EC%B9%B4%ED%85%8C%EA%B3%A0%EB%A6%AC%EA%B4%80&t_click=%EC%BF%A0%EC%85%98/%ED%8C%8C%EC%9A%B4%EB%8D%B0%EC%9D%B4%EC%85%98_%EC%A0%84%EC%B2%B4_%EA%B7%B8%EB%9D%BC%ED%8E%9C,%EB%8B%A4%EC%8A%88,%EB%91%90%EC%9E%89%EC%99%93,%EB%B9%84%EB%A0%88%EB%94%94,%EC%98%A4%EB%B8%8C%EC%A0%9C_%EC%83%81%ED%92%88%EC%83%81%EC%84%B8&t_number=11",파운데이션
다슈,다슈 맨즈 아쿠아 매트 비비 쿠션 (리필용),9900,"https://www.oliveyoung.co.kr/store/goods/getGoodsDetail.do?goodsNo=A000000143169&dispCatNo=1000001000700080011&trackingCd=Cat1000001000700080011_Small&t_page=%EC%B9%B4%ED%85%8C%EA%B3%A0%EB%A6%AC%EA%B4%80&t_click=%EC%BF%A0%EC%85%98/%ED%8C%8C%EC%9A%B4%EB%8D%B0%EC%9D%B4%EC%85%98_%EC%A0%84%EC%B2%B4_%EA%B7%B8%EB%9D%BC%ED%8E%9C,%EB%8B%A4%EC%8A%88,%EB%91%90%EC%9E%89%EC%99%93,%EB%B9%84%EB%A0%88%EB%94%94,%EC%98%A4%EB%B8%8C%EC%A0%9C_%EC%83%81%ED%92%88%EC%83%81%EC%84%B8&t_number=12",쿠션
다슈,다슈 맨즈 아쿠아 매트 비비쿠션 (본품+리필),27000,"https://www.oliveyoung.co.kr/store/goods/getGoodsDetail.do?goodsNo=A000000143170&dispCatNo=1000001000700080011&trackingCd=Cat1000001000700080011_Small&t_page=%EC%B9%B4%ED%85%8C%EA%B3%A0%EB%A6%AC%EA%B4%80&t_click=%EC%BF%A0%EC%85%98/%ED%8C%8C%EC%9A%B4%EB%8D%B0%EC%9D%B4%EC%85%98_%EC%A0%84%EC%B2%B4_%EA%B7%B8%EB%9D%BC%ED%8E%9C,%EB%8B%A4%EC%8A%88,%EB%91%90%EC%9E%89%EC%99%93,%EB%B9%84%EB%A0%88%EB%94%94,%EC%98%A4%EB%B8%8C%EC%A0%9C_%EC%83%81%ED%92%88%EC%83%81%EC%84%B8&t_number=13",쿠션
다슈,다슈 맨즈 멀티 커버 스틱 파운데이션 12g 뉴트럴베이지 기획(+미니 톤 컨트롤 로션),29000,"https://www.oliveyoung.co.kr/store/goods/getGoodsDetail.do?goodsNo=A000000182290&dispCatNo=1000001000700080011&trackingCd=Cat1000001000700080011_Small&t_page=%EC%B9%B4%ED%85%8C%EA%B3%A0%EB%A6%AC%EA%B4%80&t_click=%EC%BF%A0%EC%85%98/%ED%8C%8C%EC%9A%B4%EB%8D%B0%EC%9D%B4%EC%85%98_%EC%A0%84%EC%B2%B4_%EA%B7%B8%EB%9D%BC%ED%8E%9C,%EB%8B%A4%EC%8A%88,%EB%91%90%EC%9E%89%EC%99%93,%EB%B9%84%EB%A0%88%EB%94%94,%EC%98%A4%EB%B8%8C%EC%A0%9C_%EC%83%81%ED%92%88%EC%83%81%EC%84%B8&t_number=14",스틱파운데이션
두잉왓,두잉왓 소프트 블러링 필터 쿠션 15g 단품/기획,33900,"https://www.oliveyoung.co.kr/store/goods/getGoodsDetail.do?goodsNo=A000000200388&dispCatNo=1000001000700080011&trackingCd=Cat1000001000700080011_Small&t_page=%EC%B9%B4%ED%85%8C%EA%B3%A0%EB%A6%AC%EA%B4%80&t_click=%EC%BF%A0%EC%85%98/%ED%8C%8C%EC%9A%B4%EB%8D%B0%EC%9D%B4%EC%85%98_%EC%A0%84%EC%B2%B4_%EA%B7%B8%EB%9D%BC%ED%8E%9C,%EB%8B%A4%EC%8A%88,%EB%91%90%EC%9E%89%EC%99%93,%EB%B9%84%EB%A0%88%EB%94%94,%EC%98%A4%EB%B8%8C%EC%A0%9C_%EC%83%81%ED%92%88%EC%83%81%EC%84%B8&t_number=15",쿠션
